{
  "project_info": {
    "project_number": "71906759194",
    "project_id": "progetto-app-mobili",
    "storage_bucket": "progetto-app-mobili.firebasestorage.app"
  },
  "client": [
    {
      "client_info": {
        "mobilesdk_app_id": "1:71906759194:android:6168719eda39aff1aa37a3",
        "android_client_info": {
          "package_name": "com.example.app_gestione_aziendale"
        }
      },
      "oauth_client": [],
      "api_key": [
        {
          "current_key": "AIzaSyA-oRCw6ckp-eWzhoelye2Wh0rNkoBqdSo"
        }
      ],
      "services": {
        "appinvite_service": {
          "other_platform_oauth_client": []
        }
      }
    },
    {
      "client_info": {
        "mobilesdk_app_id": "1:71906759194:android:8d33dcecc2a6351faa37a3",
        "android_client_info": {
          "package_name": "com.example.merge_projects"
        }
      },
      "oauth_client": [],
      "api_key": [
        {
          "current_key": "AIzaSyA-oRCw6ckp-eWzhoelye2Wh0rNkoBqdSo"
        }
      ],
      "services": {
        "appinvite_service": {
          "other_platform_oauth_client": []
        }
      }
    },
    {
      "client_info": {
        "mobilesdk_app_id": "1:71906759194:android:ddcd30ad968be9deaa37a3",
        "android_client_info": {
          "package_name": "com.example.progettoapp"
        }
      },
      "oauth_client": [],
      "api_key": [
        {
          "current_key": "AIzaSyA-oRCw6ckp-eWzhoelye2Wh0rNkoBqdSo"
        }
      ],
      "services": {
        "appinvite_service": {
          "other_platform_oauth_client": []
        }
      }
    },
    {
      "client_info": {
        "mobilesdk_app_id": "1:71906759194:android:7f04760b6da61513aa37a3",
        "android_client_info": {
          "package_name": "com.example.progettoappmobili"
        }
      },
      "oauth_client": [],
      "api_key": [
        {
          "current_key": "AIzaSyA-oRCw6ckp-eWzhoelye2Wh0rNkoBqdSo"
        }
      ],
      "services": {
        "appinvite_service": {
          "other_platform_oauth_client": []
        }
      }
    }
  ],
  "configuration_version": "1"
}